{
  "accuracy": 1.0,
  "best_epoch": 77,
  "best_validation_loss": 0.322438,
  "trained_at": "2026-05-26T12:46:58.695673+00:00"
}